;antecedents;consequents;antecedent support;consequent support;support;confidence;lift;representativity;leverage;conviction;zhangs_metric;jaccard;certainty;kulczynski
0;frozenset({'TRAALR6ALB2'});frozenset({'TRAAALR03ALB2'});0.32058087130696045;0.2102153229844767;0.16945418127190787;0.528584817244611;2.5144923297701007;1.0;0.10206316986747022;1.67534841028939;0.8865005164425265;0.46895787139689576;0.40310923157335043;0.6673414796084894
1;frozenset({'TRAAALR03ALB2'});frozenset({'TRAALR6ALB2'});0.2102153229844767;0.32058087130696045;0.16945418127190787;0.8060981419723678;2.5144923297701007;1.0;0.10206316986747022;3.503933049451328;0.7626197696609307;0.46895787139689576;0.7146064191618651;0.6673414796084894
2;frozenset({'TRAAR6EHDB2'});frozenset({'TRAAAR03EHDB2'});0.1743615423134702;0.12899349023535303;0.1084626940410616;0.6220562894887995;4.822385132411229;1.0;0.08597119013522789;2.3045932120064596;0.960025209861908;0.5565262076053443;0.566083942801617;0.7314473994027848
3;frozenset({'TRAAAR03EHDB2'});frozenset({'TRAAR6EHDB2'});0.12899349023535303;0.1743615423134702;0.1084626940410616;0.8408385093167702;4.822385132411229;1.0;0.08597119013522789;5.187426017074392;0.9100204472923502;0.5565262076053443;0.8072261663668062;0.7314473994027848
4;frozenset({'TRAAAR03EHDBLK'});frozenset({'TRAAR6EHDR1'});0.19819729594391589;0.3881822734101152;0.16644967451176765;0.8398180899444163;2.1634632683423622;1.0;0.08951299758852098;3.819518236345052;0.6707113166929857;0.3963749105652278;0.7381868764274018;0.6343053298019294
5;frozenset({'TRAAR6EHDB2'});frozenset({'TRAALR6ALB2'});0.1743615423134702;0.32058087130696045;0.10265398097145718;0.5887421022400919;1.836485439196288;1.0;0.04675700581417946;1.6520512612494163;0.5516720512183287;0.26167985703344393;0.3946919060830362;0.4544772679272937
