;antecedents;consequents;antecedent support;consequent support;support;confidence;lift;representativity;leverage;conviction;zhangs_metric;jaccard;certainty;kulczynski
0;frozenset({'TRAAALR03ALB2'});frozenset({'TRAALR6ALB2'});0.16388682775752492;0.20462195266208558;0.10121409598778376;0.6175853018372703;3.018177149629473;1.0;0.06767925327644413;2.079883569222686;0.7997412413726969;0.37866108786610875;0.5192038560246286;0.5561123902501466
1;frozenset({'TRAAAR03EHDBLK'});frozenset({'TRAAR6EHDR1'});0.2701336688496736;0.3881235818520072;0.17939370476712801;0.6640923566878982;1.7110332578068366;1.0;0.07454845763436872;1.8215614628913943;0.5693615481336256;0.3746238490905008;0.45102044571546684;0.5631500240715341
