;antecedents;consequents;antecedent support;consequent support;support;confidence;lift;representativity;leverage;conviction;zhangs_metric;jaccard;certainty;kulczynski
0;frozenset({'TRAALR6ALB2'});frozenset({'TRAAALR03ALB2'});0.09945179553278621;0.08241014178264346;0.05177758561615898;0.5206299729308507;6.317547351198726;1.0;0.043581749045763604;1.9141577620684112;0.9346648177650763;0.3980308541326979;0.4775770211754049;0.5744607001854808
1;frozenset({'TRAAALR03ALB2'});frozenset({'TRAALR6ALB2'});0.08241014178264346;0.09945179553278621;0.05177758561615898;0.6282914274401109;6.317547351198726;1.0;0.043581749045763604;2.422726487757069;0.9173060446115269;0.3980308541326979;0.5872418925316709;0.5744607001854808
2;frozenset({'TRAAAR03EHDBLK'});frozenset({'TRAAR6EHDR1'});0.24517465859587867;0.3502390236739489;0.12980698634383514;0.5294469954082651;1.5116733419778714;1.0;0.04393725328762085;1.3808454520225668;0.44842350032432393;0.2787910643889619;0.27580599368649894;0.45003549546809035
